CODEN,Denver,CO,80202
CODEN,Denver,CO,80202
CODEN,Denver,CO,80202
CODEN,Denver,CO,80202
CODEN,Denver,CO,80202
COCOS,Colorado Springs,CO,80904
COCOS,Colorado Springs,CO,80904
COCOS,Colorado Springs,CO,80904
COCOS,Colorado Springs,CO,80904
COCOS,Colorado Springs,CO,80904
KSWIC,Wichita,KS,67216
KSWIC,Wichita,KS,67216
KSWIC,Wichita,KS,67216
KSWIC,Wichita,KS,67216
KSWIC,Wichita,KS,67216
KSTOP,Topeka,KS,66607
KSTOP,Topeka,KS,66607
KSTOP,Topeka,KS,66607
KSTOP,Topeka,KS,66607
KSTOP,Topeka,KS,66607
OKOKC,Oklahoma City,OK,73111
OKOKC,Oklahoma City,OK,73111
OKOKC,Oklahoma City,OK,73111
OKOKC,Oklahoma City,OK,73111
OKOKC,Oklahoma City,OK,73111
OKTUL,Tulsa,OK,74146
OKTUL,Tulsa,OK,74146
OKTUL,Tulsa,OK,74146
OKTUL,Tulsa,OK,74146
OKTUL,Tulsa,OK,74146
MOJFC,Jefferson City,MO,65101
MOJFC,Jefferson City,MO,65101
MOJFC,Jefferson City,MO,65101
MOJFC,Jefferson City,MO,65101
MOJFC,Jefferson City,MO,65101
MOSPR,Springfield,MO,65804
MOSPR,Springfield,MO,65804
MOSPR,Springfield,MO,65804
MOSPR,Springfield,MO,65804
MOSPR,Springfield,MO,65804
ARLRK,Little Rock,AR,72201
ARLRK,Little Rock,AR,72201
ARLRK,Little Rock,AR,72201
ARLRK,Little Rock,AR,72201
ARLRK,Little Rock,AR,72201
ARFAY,Fayetville,AR,72703
ARFAY,Fayetville,AR,72703
ARFAY,Fayetville,AR,72703
ARFAY,Fayetville,AR,72703
ARFAY,Fayetville,AR,72703
